Category,Component,Specification,Quantity,Unit Price INR,Total INR,Supplier,Product URL,Status,Notes
Mechanical hardware and IBC,"IBC tank, 1000 L, food-grade",New or food-only-use HDPE bottle in steel cage; typical outer size 1200 x 1000 x 1160 mm (varies by maker),1,,,IBC dealer / IndiaMART suppliers,,Quote needed,Must be food-grade with food-contact documentation; never used for chemicals. Approx. 1055 kg when full (docs/references.md [D1]).
Mechanical hardware and IBC,Top lid / cover plate,"Food-safe plate fitting the IBC top opening, with inspection hatch and gland positions",1,,,Local fabricator,,Quote needed,Design not started. Open question whether 'lid' means the IBC fill opening or a larger cover (see mechanical.md).
Mechanical hardware and IBC,Cable glands and bulkhead tube fittings,"Sized for sensor cables, air lines, sampling, dosing, harvest and return tubes",1 set,,,Local hardware / industrial supplier,,Quote needed,Quantity depends on final I/O list (electronics.md).
Mechanical hardware and IBC,Internal sensor/tube mast,Food-safe rod or rail hung from lid holding probes and tube ends at fixed depths,1,,,Local fabricator,,Quote needed,Proposed feature; not designed.
Mechanical hardware and IBC,Drip tray / bunding,Secondary containment under IBC for leaks,1,,,Local fabricator,,Quote needed,Floor load estimate ~880 kg/m2 (mechanical.md); check floor.
Lighting,Lid-mounted LED lighting,Low-voltage DC LED panels or strips; power not sized,TBD,,,Robu / Evelta / local lighting supplier,,Quote needed,Naive linear scaling of 10 L (4 x 1 W for 10 L) gives ~400 W electrical; NOT a design value (cultivation.md).
Lighting,Submersible LED tube lights (option),Rated for continuous immersion; food-safe sleeve; tolerant of pH ~10 medium,TBD,,,Specialist lighting supplier,,Quote needed,Option from maintainer brief; rating and food-safety of materials must be confirmed.
Lighting,MOSFET PWM driver module (lighting),5-36 V switch-drive high-power MOSFET trigger module,2,29,58,Robu.in,https://robu.in/product/switch-drive-high-power-mosfet-trigger-module/,Verified listing (price seen on 2026-10-08),Price from page structured data; GST treatment not shown. Check current rating against final LED load.
Lighting,4 x 5 V 1 W COB LEDs,As used on 10 L prototype,4,,,,,Existing (from 10 L build),From Instructables supplies list; for bench tests only.
Aeration and circulation,"Air pump, high-output",Mains or 12 V; airflow to be sized for ~1 m depth,1-2,,,Aquarium / hydroponics supplier,,Quote needed,Not sized. Mains units need RCD and relay (electronics.md).
Aeration and circulation,Air diffusers / diffuser bars,"Food-safe; bottom-mounted, fed from top-entry lines",TBD,,,Aquarium / hydroponics supplier,,Quote needed,Layout untested; mixing in ~1 m deep square tank is unresolved.
Aeration and circulation,Air tubing and check valves,Food-safe silicone tubing; non-return valves,1 set,,,Aquarium supplier,,Quote needed,Length depends on layout.
Aeration and circulation,Air intake filter,Filter on air pump intake to reduce airborne contamination,1,,,Aquarium / lab supplier,,Quote needed,"Engineering assumption, not from literature."
Aeration and circulation,12 V DC aquarium aerator,As used on 10 L prototype,1,,,,,Existing (from 10 L build),"From Instructables; too small for 1000 L, useful for bench tests."
Harvesting and filtration,Harvest peristaltic pump,L/min-class flow; food-safe tubing; MCU-switchable,1,,,Industrial pump supplier,,Quote needed,Dosing pumps (ml/min) are far too slow: ~98 h for 100 L at 17 ml/min (harvesting.md). Filament damage untested.
Harvesting and filtration,Pre-sieve,Approx. 200 um mesh,1,,,Lab / mesh supplier,,Quote needed,Per Jourdan manual p. 6 (docs/references.md [J1]).
Harvesting and filtration,Filter cloth or bag,"Polyester or polyamide, approx. 30-50 um mesh, food-grade",2,,,Mesh / filter-bag supplier,,Quote needed,Per Jourdan manual p. 6; retention and clogging untested.
Harvesting and filtration,Filter frame and collection vessel,Food-grade; filtrate drains to return line,1,,,Local fabricator,,Quote needed,Design not started.
Harvesting and filtration,Food-grade tubing (harvest and return),Silicone or other food-grade tubing; length TBD,1 set,,,Lab / food-equipment supplier,,Quote needed,Must be cleanable and sanitisable.
Electronics and power,12 V 10 A SMPS,"NHP ES-125-1-12, 12 V DC 10 A 120 W, 170-270 V AC input",1,1059,1059,Robu.in,https://robu.in/product/nhp-12v-10a-120w-switch-mode-power-supply-smps/,Verified listing (price seen on 2026-10-08),Shown out of stock when checked; GST treatment not shown. Final supply size depends on lighting and pumps.
Electronics and power,MOSFET PWM driver module (pumps),5-36 V switch-drive high-power MOSFET trigger module,4,29,116,Robu.in,https://robu.in/product/switch-drive-high-power-mosfet-trigger-module/,Verified listing (price seen on 2026-10-08),"Sampling, dosing and harvest pumps; add flyback diodes for motors. GST treatment not shown."
Electronics and power,Relay / contactor for mains loads,Rated for air pump(s) or other mains equipment,TBD,,,Electrical supplier,,Quote needed,Only if mains-powered pumps are chosen.
Electronics and power,"Enclosure, fuses, DIN rail, terminals",IP-rated enclosure mounted above water line,1 set,,,Electrical supplier,,Quote needed,Layout not designed.
Computing,Arduino UNO Q,Controller used on 10 L prototype,1,,,,,Existing (from 10 L build),Can be reused for development; see next row for a dedicated unit.
Computing,Arduino UNO Q 2GB (dedicated unit),"ABX00162, 2 GB RAM, 16 GB eMMC",1,4797.88,4797.88,Evelta,https://evelta.com/official-arduino-uno-q-single-board-computer-2gb-ram-16gb-emmc-wi-fi-5-bt-5-1/,Verified listing (price seen on 2026-10-08),Price incl. GST (Rs 4066 excl. GST); shown out of stock when checked.
Computing,Storage for logs and images,USB flash drive or external SSD,1,,,Any electronics retailer,,Quote needed,Size depends on image logging rate.
Sensors,Waterproof temperature sensor kit,DFRobot Gravity waterproof DS18B20 kit,2,819,1638,Robu.in,https://robu.in/product/waterproof-ds18b20-temperature-sensor-kit/,Verified listing (price seen on 2026-10-08),Top and bottom of tank. Check cable length for ~1 m+ depth plus routing. GST treatment not shown.
Sensors,"pH sensor, lab grade",Gravity lab-grade analog pH sensor kit with calibration solutions,1,4599,4599,Thingbits,https://www.thingbits.in/products/gravity-lab-grade-analog-ph-sensor-kit-for-arduino-raspberry-pi-with-calibration-solutions,Verified listing (price seen on 2026-10-08),Price excl. GST. For spot checks/calibration; check suitability for continuous immersion at pH ~10.
Sensors,"pH sensor, industrial grade",DFRobot SEN0169-V2 Gravity analog pH sensor / meter pro kit V2,1,,,Fab.to.Lab,https://www.fabtolab.com/dfrobot-gravity-analog-ph-sensor-meter-pro-kit-v2,Listing verified on 2026-10-08; price not confirmed,Listing describes the electrode as suitable for long-term online detection; confirm price and rating for pH ~10 medium.
Sensors,TDS sensor,"DFRobot Gravity analog TDS sensor/meter (SEN0244), listed range 0-1000 ppm",1,1422,1422,Robu.in,https://robu.in/product/dfrobot-gravity-analog-tds-sensor-meter-for-arduino/,Verified listing (price seen on 2026-10-08),LIKELY OUT OF RANGE for Spirulina medium (FAO lists 10-60 g/L dissolved solids); for diluted-sample tests only. A saline-rated conductivity probe is probably needed (electronics.md).
Sensors,Turbidity sensor,DFRobot Gravity analog turbidity sensor (SEN0189),1,1359,1359,Robu.in,https://robu.in/product/dfrobot-gravity-analog-turbidity-sensor-for-arduino/,Verified listing (price seen on 2026-10-08),May saturate in dense culture; needs calibration against dry weight or Secchi disk. GST treatment not shown.
Sensors,Conductivity probe (saline range),"Rated for high-salinity, high-pH media",1,,,Lab instrument supplier,,Quote needed,Replacement for hobby TDS sensor; not selected.
Sensors,Dissolved CO2 sensor,Suitable for alkaline media,1,,,Lab instrument supplier,,Quote needed,Planned in README; not selected.
Sensors,"Level, overflow and leak sensors",Float switches / leak detector,3,,,Robu / electrical supplier,,Quote needed,Interlocks for harvest return and dosing.
Microscopy and sampling,USB microscope,"PCB-inspection USB microscope, refocused (model not documented)",1,,,,,Existing (from 10 L build),From Instructables Step 8.
Microscopy and sampling,DIY peristaltic sampling pump,3D-printed pump driven by BO motor,1,,,,,Existing (from 10 L build),From Instructables; flow rate not documented.
Microscopy and sampling,Sampling chamber with acrylic slit,3D-printed measuring chamber,1,,,,,Existing (from 10 L build),CAD not yet in repo.
Microscopy and sampling,Food-safe sampling tube,Surgical / food-grade tubing; length for ~1 m+ depth top entry,1,,,Medical / lab supplier,,Quote needed,Length depends on lid layout.
Nutrient dosing,12 V peristaltic dosing pump,"12 V DC, 1 mm ID x 3 mm OD tubing, 2-17 ml/min",2,789,1578,Robu.in,https://robu.in/product/12v-dc-peristaltic-dosing-pump-for-aquarium-lab-analytical-1mm-id-x-3mm-od-2-17-ml-min/,Verified listing (price seen on 2026-10-08),Shown out of stock when checked; GST treatment not shown. Alternative seen: 12V NKP-DC-S10B mini peristaltic pump on Robu.in at Rs 579 (also out of stock).
Nutrient dosing,Nutrient reservoirs,Food-grade bottles with top-entry lines,2,,,Lab / food-container supplier,,Quote needed,Recipe not yet chosen.
Culture and consumables,Spirulina mother culture,Clean Arthrospira starter culture,TBD,,,Algreen (supplier used for 10 L build) or other reliable algae farm,,Quote needed,10 L build started from 50 ml (Instructables Step 3). Scale up in stages.
Culture and consumables,Culture medium chemicals,Per chosen published recipe (e.g. Zarrouk-type or Jourdan),TBD,,,Chemical supplier,,Quote needed,Quantities depend on recipe and volume; document batches.
Culture and consumables,pH calibration buffers,Standard buffer solutions,1 set,,,Lab supplier,,Quote needed,Regular calibration needed at pH ~10.
Safety and testing,Laboratory testing of biomass,"Microbiology, heavy metals, pesticides, extraneous matter, microcystins",TBD,,,Accredited food-testing laboratory,,Quote needed,"Required before any consumption (FAO Circular 1034 pp. 17, 19). Food safety unresolved."
Safety and testing,RCD / RCCB protection,For all mains-powered equipment near water,1,,,Electrical supplier,,Quote needed,Install by qualified electrician.
Safety and testing,PPE,Safety glasses and gloves for alkaline media,1 set,,,Any safety supplier,,Quote needed,Strongly alkaline media (pH 8.5-11 per FAO).
